,Model,Accuracy,Precision,Recall
0,Logistic Regression,0.50575,0.25578306250000005,0.50575
1,Random Forest,0.47775,0.44707249671166344,0.47775
2,SVM,0.50575,0.25578306250000005,0.50575
