,Model,Accuracy,Precision,Recall
0,Logistic Regression,0.9055,0.81993025,0.9055
1,Random Forest,0.906,0.8738378036437247,0.906
2,SVM,0.9055,0.81993025,0.9055
