,mean,median,std,variance,min,max,skewness,kurtosis
Age,54.00982558139535,54.0,21.076356974105988,444.21282329994614,18.0,90.0,0.0016444590798915528,-1.2010868219617874
Average Glucose Level,184.9312652325581,184.76,66.31410721844571,4397.5608161795135,70.0,300.0,0.004187170946568898,-1.1977317017934148
BMI,30.01279941860465,30.0,11.57035611430121,133.8731406117474,10.0,50.0,-0.0020533605016577034,-1.2066628251073734
Chronic Stress,0.25,0.0,0.43301396065556247,0.18750109012261698,0.0,1.0,1.1547005383792515,-0.6666666666666665
